--panneau 
insert into panneau (designation) values
('P1'),
('P2');
--	update panneau set capacite = 30000 where id =1
--batterie
insert into batterie(designation) values
('B1'),
('B2');

--systeme
insert into systeme (id_panneau,id_batterie) values
(1,1),
(2,2);

--classe
insert into classe (designation,id_systeme) values
('C1',1),
('C2',2),
('C3',1);

--creneau
insert into creneau values
(1,'07:00:00','08:00:00'),
(10,'08:00:00','09:00:00'),
(20,'09:00:00','10:00:00'),
(30,'10:00:00','11:00:00'),
(40,'11:00:00','12:00:00'),
(50,'12:00:00','13:00:00'),
(60,'13:00:00','14:00:00'),
(70,'14:00:00','15:00:00'),
(80,'15:00:00','16:00:00'),
(90,'16:00:00','17:00:00');

--soleil
	--soleil le 27 novembre
	insert into soleil(id_creneau,puissance,date_soleil) values
	(1,60,'2023-11-27'),
	(10,80,'2023-11-27'),
	(20,80,'2023-11-27'),
	(30,70,'2023-11-27'),
	(40,60,'2023-11-27'),
	(50,60,'2023-11-27'),
	(60,80,'2023-11-27'),
	(70,60,'2023-11-27'),
	(80,40,'2023-11-27'),
	(90,30,'2023-11-27');
	--soleil le 4 decembre
	insert into soleil(id_creneau,puissance,date_soleil) values
	(1,40,'2023-12-04'),
	(10,50,'2023-12-04'),
	(20,50,'2023-12-04'),
	(30,50,'2023-12-04'),
	(40,60,'2023-12-04'),
	(50,60,'2023-12-04'),
	(60,60,'2023-12-04'),
	(70,50,'2023-12-04'),
	(80,50,'2023-12-04'),
	(90,30,'2023-12-04');
	
	--soleil le 11 decembre
	insert into soleil(id_creneau,puissance,date_soleil) values
	(1,50,'2023-12-11'),
	(10,60,'2023-12-11'),
	(20,70,'2023-12-11'),
	(30,70,'2023-12-11'),
	(40,90,'2023-12-11'),
	(50,90,'2023-12-11'),
	(60,90,'2023-12-11'),
	(70,90,'2023-12-11'),
	(80,70,'2023-12-11'),
	(90,50,'2023-12-11');
	
	--soleil le 18 decembre
	insert into soleil(id_creneau,puissance,date_soleil) values
	(1,50,'2023-12-18'),
	(10,40,'2023-12-18'),
	(20,50,'2023-12-18'),
	(30,70,'2023-12-18'),
	(40,80,'2023-12-18'),
	(50,80,'2023-12-18'),
	(60,60,'2023-12-18'),
	(70,50,'2023-12-18'),
	(80,40,'2023-12-18'),
	(90,20,'2023-12-18');


--moment de la journee
insert into moment_journee(designation,heure_debut,heure_fin) values
	('matin','07:00:00','11:59:59'),
	('apres-midi','12:00:00','17:00:00');
	
--presence
	--presence 27/11 , 04/12 , 11/12 classe 1 & 2
	insert into presence (id_classe,nombre,date_presence,id_moment_journee) values
	(1,200,'2023-11-27',1),
	(1,190,'2023-11-27',2),
	(1,223,'2023-12-04',1),
	(1,220,'2023-12-04',2),
	(1,227,'2023-12-11',1),
	(1,223,'2023-12-11',2),
	
	(2,100,'2023-11-27',1),
	(2,120,'2023-11-27',2),
	(2,150,'2023-12-04',1),
	(2,144,'2023-12-04',2),
	(2,123,'2023-12-11',1),
	(2,130,'2023-12-11',2);
	
	(3,150,'2023-11-27',1),
	(3,120,'2023-11-27',2),
	(3,153,'2023-12-04',1),
	(3,154,'2023-12-04',2),
	(3,123,'2023-12-11',1),
	(3,110,'2023-12-11',2);
	
	(),
	(),
	(),
	(),
	(),


